setting,family,place_km,boost_weight,cap,season_weight,season_days,far_penalty,radius_km,species_right,genus_right
0,boost,75.0,0.25,log 5,0.0,10.0,0.0,1500.0,1556,2432
1,boost+far,75.0,0.25,log 5,0.0,10.0,1.0,1500.0,1562,2435
2,boost+far,75.0,0.25,log 5,0.0,10.0,2.0,1500.0,1562,2434
3,boost,75.0,0.25,log 5,0.5,10.0,0.0,1500.0,1580,2434
4,boost+far,75.0,0.25,log 5,0.5,10.0,1.0,1500.0,1586,2435
5,boost+far,75.0,0.25,log 5,0.5,10.0,2.0,1500.0,1586,2436
6,boost,75.0,0.25,log 20,0.0,10.0,0.0,1500.0,1563,2434
7,boost+far,75.0,0.25,log 20,0.0,10.0,1.0,1500.0,1567,2436
8,boost+far,75.0,0.25,log 20,0.0,10.0,2.0,1500.0,1568,2436
9,boost,75.0,0.25,log 20,0.5,10.0,0.0,1500.0,1584,2432
10,boost+far,75.0,0.25,log 20,0.5,10.0,1.0,1500.0,1589,2434
11,boost+far,75.0,0.25,log 20,0.5,10.0,2.0,1500.0,1590,2435
12,boost,75.0,0.5,log 5,0.0,10.0,0.0,1500.0,1569,2428
13,boost+far,75.0,0.5,log 5,0.0,10.0,1.0,1500.0,1572,2431
14,boost+far,75.0,0.5,log 5,0.0,10.0,2.0,1500.0,1573,2431
15,boost,75.0,0.5,log 5,0.5,10.0,0.0,1500.0,1595,2435
16,boost+far,75.0,0.5,log 5,0.5,10.0,1.0,1500.0,1600,2435
17,boost+far,75.0,0.5,log 5,0.5,10.0,2.0,1500.0,1601,2437
18,boost,75.0,0.5,log 20,0.0,10.0,0.0,1500.0,1570,2427
19,boost+far,75.0,0.5,log 20,0.0,10.0,1.0,1500.0,1575,2430
20,boost+far,75.0,0.5,log 20,0.0,10.0,2.0,1500.0,1576,2431
21,boost,75.0,0.5,log 20,0.5,10.0,0.0,1500.0,1595,2434
22,boost+far,75.0,0.5,log 20,0.5,10.0,1.0,1500.0,1599,2434
23,boost+far,75.0,0.5,log 20,0.5,10.0,2.0,1500.0,1600,2436
24,boost,75.0,1.0,log 5,0.0,10.0,0.0,1500.0,1576,2424
25,boost+far,75.0,1.0,log 5,0.0,10.0,1.0,1500.0,1581,2429
26,boost+far,75.0,1.0,log 5,0.0,10.0,2.0,1500.0,1581,2429
27,boost,75.0,1.0,log 5,0.5,10.0,0.0,1500.0,1608,2432
28,boost+far,75.0,1.0,log 5,0.5,10.0,1.0,1500.0,1612,2434
29,boost+far,75.0,1.0,log 5,0.5,10.0,2.0,1500.0,1612,2435
30,boost,75.0,1.0,log 20,0.0,10.0,0.0,1500.0,1559,2413
31,boost+far,75.0,1.0,log 20,0.0,10.0,1.0,1500.0,1562,2416
32,boost+far,75.0,1.0,log 20,0.0,10.0,2.0,1500.0,1562,2416
33,boost,75.0,1.0,log 20,0.5,10.0,0.0,1500.0,1582,2418
34,boost+far,75.0,1.0,log 20,0.5,10.0,1.0,1500.0,1585,2419
35,boost+far,75.0,1.0,log 20,0.5,10.0,2.0,1500.0,1585,2420
36,boost,150.0,0.25,log 5,0.0,10.0,0.0,1500.0,1555,2437
37,boost+far,150.0,0.25,log 5,0.0,10.0,1.0,1500.0,1561,2441
38,boost+far,150.0,0.25,log 5,0.0,10.0,2.0,1500.0,1561,2440
39,boost,150.0,0.25,log 5,0.5,10.0,0.0,1500.0,1582,2438
40,boost+far,150.0,0.25,log 5,0.5,10.0,1.0,1500.0,1590,2441
41,boost+far,150.0,0.25,log 5,0.5,10.0,2.0,1500.0,1590,2441
42,boost,150.0,0.25,log 20,0.0,10.0,0.0,1500.0,1556,2437
43,boost+far,150.0,0.25,log 20,0.0,10.0,1.0,1500.0,1560,2440
44,boost+far,150.0,0.25,log 20,0.0,10.0,2.0,1500.0,1561,2440
45,boost,150.0,0.25,log 20,0.5,10.0,0.0,1500.0,1588,2435
46,boost+far,150.0,0.25,log 20,0.5,10.0,1.0,1500.0,1594,2438
47,boost+far,150.0,0.25,log 20,0.5,10.0,2.0,1500.0,1595,2438
48,boost,150.0,0.5,log 5,0.0,10.0,0.0,1500.0,1565,2436
49,boost+far,150.0,0.5,log 5,0.0,10.0,1.0,1500.0,1568,2440
50,boost+far,150.0,0.5,log 5,0.0,10.0,2.0,1500.0,1569,2440
51,boost,150.0,0.5,log 5,0.5,10.0,0.0,1500.0,1598,2444
52,boost+far,150.0,0.5,log 5,0.5,10.0,1.0,1500.0,1602,2443
53,boost+far,150.0,0.5,log 5,0.5,10.0,2.0,1500.0,1603,2445
54,boost,150.0,0.5,log 20,0.0,10.0,0.0,1500.0,1570,2437
55,boost+far,150.0,0.5,log 20,0.0,10.0,1.0,1500.0,1573,2441
56,boost+far,150.0,0.5,log 20,0.0,10.0,2.0,1500.0,1574,2441
57,boost,150.0,0.5,log 20,0.5,10.0,0.0,1500.0,1603,2445
58,boost+far,150.0,0.5,log 20,0.5,10.0,1.0,1500.0,1607,2444
59,boost+far,150.0,0.5,log 20,0.5,10.0,2.0,1500.0,1608,2446
60,boost,150.0,1.0,log 5,0.0,10.0,0.0,1500.0,1571,2433
61,boost+far,150.0,1.0,log 5,0.0,10.0,1.0,1500.0,1576,2438
62,boost+far,150.0,1.0,log 5,0.0,10.0,2.0,1500.0,1576,2438
63,boost,150.0,1.0,log 5,0.5,10.0,0.0,1500.0,1599,2438
64,boost+far,150.0,1.0,log 5,0.5,10.0,1.0,1500.0,1602,2440
65,boost+far,150.0,1.0,log 5,0.5,10.0,2.0,1500.0,1602,2440
66,boost,150.0,1.0,log 20,0.0,10.0,0.0,1500.0,1562,2429
67,boost+far,150.0,1.0,log 20,0.0,10.0,1.0,1500.0,1566,2432
68,boost+far,150.0,1.0,log 20,0.0,10.0,2.0,1500.0,1566,2432
69,boost,150.0,1.0,log 20,0.5,10.0,0.0,1500.0,1589,2432
70,boost+far,150.0,1.0,log 20,0.5,10.0,1.0,1500.0,1591,2433
71,boost+far,150.0,1.0,log 20,0.5,10.0,2.0,1500.0,1591,2433
72,boost,300.0,0.25,log 5,0.0,10.0,0.0,1500.0,1547,2433
73,boost+far,300.0,0.25,log 5,0.0,10.0,1.0,1500.0,1552,2436
74,boost+far,300.0,0.25,log 5,0.0,10.0,2.0,1500.0,1552,2435
75,boost,300.0,0.25,log 5,0.5,10.0,0.0,1500.0,1582,2436
76,boost+far,300.0,0.25,log 5,0.5,10.0,1.0,1500.0,1589,2439
77,boost+far,300.0,0.25,log 5,0.5,10.0,2.0,1500.0,1589,2439
78,boost,300.0,0.25,log 20,0.0,10.0,0.0,1500.0,1553,2436
79,boost+far,300.0,0.25,log 20,0.0,10.0,1.0,1500.0,1556,2438
80,boost+far,300.0,0.25,log 20,0.0,10.0,2.0,1500.0,1557,2438
81,boost,300.0,0.25,log 20,0.5,10.0,0.0,1500.0,1590,2432
82,boost+far,300.0,0.25,log 20,0.5,10.0,1.0,1500.0,1595,2435
83,boost+far,300.0,0.25,log 20,0.5,10.0,2.0,1500.0,1596,2435
84,boost,300.0,0.5,log 5,0.0,10.0,0.0,1500.0,1558,2434
85,boost+far,300.0,0.5,log 5,0.0,10.0,1.0,1500.0,1561,2437
86,boost+far,300.0,0.5,log 5,0.0,10.0,2.0,1500.0,1562,2437
87,boost,300.0,0.5,log 5,0.5,10.0,0.0,1500.0,1595,2440
88,boost+far,300.0,0.5,log 5,0.5,10.0,1.0,1500.0,1599,2440
89,boost+far,300.0,0.5,log 5,0.5,10.0,2.0,1500.0,1600,2441
90,boost,300.0,0.5,log 20,0.0,10.0,0.0,1500.0,1565,2437
91,boost+far,300.0,0.5,log 20,0.0,10.0,1.0,1500.0,1568,2440
92,boost+far,300.0,0.5,log 20,0.0,10.0,2.0,1500.0,1569,2440
93,boost,300.0,0.5,log 20,0.5,10.0,0.0,1500.0,1600,2444
94,boost+far,300.0,0.5,log 20,0.5,10.0,1.0,1500.0,1604,2444
95,boost+far,300.0,0.5,log 20,0.5,10.0,2.0,1500.0,1605,2445
96,boost,300.0,1.0,log 5,0.0,10.0,0.0,1500.0,1560,2442
97,boost+far,300.0,1.0,log 5,0.0,10.0,1.0,1500.0,1565,2444
98,boost+far,300.0,1.0,log 5,0.0,10.0,2.0,1500.0,1565,2444
99,boost,300.0,1.0,log 5,0.5,10.0,0.0,1500.0,1601,2448
100,boost+far,300.0,1.0,log 5,0.5,10.0,1.0,1500.0,1604,2448
101,boost+far,300.0,1.0,log 5,0.5,10.0,2.0,1500.0,1604,2448
102,boost,300.0,1.0,log 20,0.0,10.0,0.0,1500.0,1561,2440
103,boost+far,300.0,1.0,log 20,0.0,10.0,1.0,1500.0,1565,2441
104,boost+far,300.0,1.0,log 20,0.0,10.0,2.0,1500.0,1565,2441
105,boost,300.0,1.0,log 20,0.5,10.0,0.0,1500.0,1599,2447
106,boost+far,300.0,1.0,log 20,0.5,10.0,1.0,1500.0,1601,2445
107,boost+far,300.0,1.0,log 20,0.5,10.0,2.0,1500.0,1601,2445
